dni_paciente,dni_medico,fecha,hora,estado,dni_personal,numero_consultorio
40885242,72026389,2025-03-31,11:37:27,confirmada,75578973,CONS0001
84424851,94766491,2024-03-28,15:09:38,cancelada,20757339,CONS0014
24315146,18559256,2024-01-12,08:54:16,pendiente,84084619,CONS0006
40007921,53044396,2025-01-11,09:09:08,cancelada,94753979,CONS0009
17097363,28281683,2024-09-05,11:58:11,atendida,43704700,CONS0012
66155702,72026389,2024-01-26,17:07:08,confirmada,42654286,CONS0013
10525555,85916094,2024-01-21,17:47:14,atendida,46604317,CONS0012
48675822,65624795,2024-06-08,09:35:19,pendiente,72443329,CONS0004
27424951,58360740,2024-01-07,15:16:39,cancelada,84513261,CONS0001
93126962,44664600,2024-12-08,12:41:08,confirmada,84755576,CONS0008
88031351,58405079,2024-05-23,09:19:53,confirmada,41009211,CONS0013
11144421,57466245,2024-04-29,18:20:57,cancelada,75578973,CONS0005
50683642,33492654,2024-03-10,16:39:36,confirmada,20478556,CONS0003
15141032,98568165,2025-04-05,09:05:31,confirmada,44981864,CONS0003
93413655,58360740,2024-11-01,13:07:23,pendiente,27854957,CONS0018
31599409,77253783,2024-12-18,12:25:20,atendida,94753979,CONS0004
85030495,87402629,2024-10-15,12:14:33,pendiente,89964867,CONS0007
51377824,51740757,2024-11-02,16:20:29,cancelada,10430093,CONS0012
62192034,81716639,2024-08-02,18:37:41,pendiente,20478556,CONS0004
19742684,44664600,2024-01-27,12:46:03,confirmada,47034053,CONS0005
44781863,12078768,2024-12-04,10:00:18,confirmada,41009211,CONS0010
59313848,44974348,2024-03-02,10:58:52,cancelada,16850169,CONS0009
40841321,71304816,2025-04-11,17:47:43,confirmada,88111019,CONS0009
14699496,32327573,2025-01-21,13:47:15,confirmada,46429941,CONS0017
76514451,58405079,2024-05-24,09:36:02,confirmada,41009211,CONS0011
41815806,36653995,2025-05-01,11:37:53,pendiente,53286209,CONS0019
94458125,71304816,2024-05-25,14:47:48,confirmada,75751916,CONS0011
89085523,48714709,2025-01-26,11:48:22,atendida,81485760,CONS0010
87474461,72598876,2024-09-11,15:10:42,cancelada,75877726,CONS0013
49688306,96012953,2024-05-01,08:47:57,cancelada,77317718,CONS0012
55328233,33492654,2024-09-12,11:01:45,confirmada,46429941,CONS0006
45998482,18159694,2025-05-17,13:17:36,cancelada,40103475,CONS0016
38918433,33492654,2024-10-19,11:54:38,atendida,84084619,CONS0006
23075540,88351256,2024-10-15,17:04:56,confirmada,44981864,CONS0018
65522979,40793036,2024-01-31,11:08:26,pendiente,16850169,CONS0013
99742406,77253783,2025-03-22,09:24:21,cancelada,77317718,CONS0012
77793238,62512714,2024-01-20,17:20:28,pendiente,66198846,CONS0015
89839605,85908450,2025-03-23,10:24:37,pendiente,72443329,CONS0001
24309109,62512714,2024-03-04,17:14:27,confirmada,41009211,CONS0011
61418158,13596926,2025-04-10,18:10:12,cancelada,76186765,CONS0018
64333529,96012953,2024-11-04,09:54:30,pendiente,46429941,CONS0009
65098044,83364177,2025-02-04,14:58:01,cancelada,50779331,CONS0014
67291068,74375932,2024-06-26,12:53:00,confirmada,75578973,CONS0010
54002750,72598876,2024-05-10,10:38:59,confirmada,77317718,CONS0012
47013355,41748053,2025-01-12,17:58:14,cancelada,46687147,CONS0011
48487932,97746670,2025-03-02,10:53:36,atendida,76114112,CONS0005
83469619,79467952,2024-08-14,11:29:15,pendiente,77317718,CONS0002
55305143,97397529,2025-06-15,16:53:03,atendida,20237501,CONS0018
29640407,57119663,2024-12-05,08:25:28,pendiente,20679407,CONS0008
45804853,89553837,2024-10-17,10:27:05,confirmada,79962945,CONS0003
57067628,40793036,2024-06-13,10:02:56,pendiente,75578973,CONS0013
57093644,22626491,2025-03-26,17:55:52,cancelada,51124409,CONS0020
52432938,71304816,2024-01-17,10:55:36,cancelada,46604317,CONS0013
29640407,89553837,2025-05-18,12:06:41,cancelada,46429941,CONS0020
73956394,96012953,2024-04-28,11:06:20,confirmada,42654286,CONS0010
15079989,43593380,2024-10-30,11:36:23,pendiente,42654286,CONS0015
31678417,16526483,2024-11-19,14:12:30,atendida,46687147,CONS0007
52186444,11077031,2025-04-14,14:33:54,confirmada,40103475,CONS0010
88166098,19609858,2025-01-18,16:01:52,pendiente,53286209,CONS0015
27381196,71304816,2024-02-15,16:19:22,pendiente,94753979,CONS0014
31097023,35393925,2024-04-12,14:57:48,pendiente,77317718,CONS0016
38918433,77253783,2024-08-18,10:38:42,confirmada,50779331,CONS0006
65098044,99984205,2024-12-23,14:48:22,atendida,53037036,CONS0011
36828972,16526483,2024-02-20,12:45:04,confirmada,88111019,CONS0019
40847331,43593380,2024-02-20,08:10:21,cancelada,47034053,CONS0016
64767563,77253783,2024-12-31,17:44:32,confirmada,75877726,CONS0015
39397132,93749586,2025-03-23,13:26:04,pendiente,20757339,CONS0003
35741214,20549460,2025-01-02,14:20:27,cancelada,35962341,CONS0004
59575293,93849292,2024-07-03,12:30:19,cancelada,77492526,CONS0003
49717681,55188567,2024-04-14,17:45:45,atendida,50779331,CONS0006
60662257,93749586,2024-04-26,11:05:31,atendida,51637156,CONS0016
87886355,70462805,2024-10-28,14:55:58,atendida,76114112,CONS0003
80817869,41748053,2025-05-27,11:53:29,pendiente,84755576,CONS0019
12717548,57119663,2025-06-08,14:21:09,confirmada,47034053,CONS0017
48480483,97397529,2025-05-22,08:03:07,confirmada,84084619,CONS0017
16389497,85916094,2024-06-25,08:18:51,atendida,92438731,CONS0008
88356196,87402629,2024-07-29,13:48:51,cancelada,10430093,CONS0002
43444517,13569881,2024-07-22,13:48:32,confirmada,84755576,CONS0006
15862972,53044396,2025-06-13,08:55:32,pendiente,20237501,CONS0012
35892419,58405079,2024-06-26,16:25:15,atendida,94753979,CONS0014
48675822,65624795,2024-11-22,17:58:56,cancelada,68637398,CONS0003
41263118,24042247,2025-05-27,14:14:25,atendida,20237501,CONS0003
42019704,48714709,2025-03-22,10:47:23,atendida,68637398,CONS0009
82852628,34427595,2025-01-30,14:10:58,pendiente,89964867,CONS0011
49864470,18559256,2024-05-23,15:35:32,pendiente,75578973,CONS0011
85597208,58507182,2024-07-24,18:28:12,atendida,79962945,CONS0004
67727994,24042247,2024-12-24,12:05:35,pendiente,40103475,CONS0010
19488150,68595612,2024-08-30,15:00:25,pendiente,20478556,CONS0011
67096871,97397529,2024-07-06,10:46:29,atendida,51637156,CONS0016
43903604,58507182,2025-04-27,15:09:10,atendida,40103475,CONS0015
92010828,24042247,2024-09-25,15:47:44,atendida,35962341,CONS0014
32592676,33492654,2024-01-04,17:29:47,atendida,20757339,CONS0006
67330691,69190148,2024-03-05,09:09:58,pendiente,27854957,CONS0002
47035406,62512714,2024-09-05,17:51:55,confirmada,41009211,CONS0019
81291291,12400580,2025-02-24,10:20:30,atendida,10723787,CONS0020
50559608,97619116,2025-03-01,08:49:04,pendiente,77492526,CONS0014
88589988,51740757,2024-02-16,13:56:07,cancelada,68637398,CONS0019
75059041,58405079,2025-04-15,11:48:58,confirmada,39092690,CONS0003
76694769,88351256,2024-04-03,17:19:16,atendida,89964867,CONS0016
30117482,50836801,2024-01-04,09:38:36,confirmada,44981864,CONS0008
34808325,67920529,2025-02-07,10:02:23,pendiente,75578973,CONS0007
50578708,70905790,2025-06-18,12:07:49,cancelada,16850169,CONS0011
38211574,13596926,2024-04-10,17:06:04,atendida,27854957,CONS0009
35117804,16902389,2025-05-30,16:26:19,atendida,20237501,CONS0006
44368890,67920529,2024-02-02,13:54:20,confirmada,10430093,CONS0013
85491562,33837146,2024-04-20,18:43:42,pendiente,89964867,CONS0014
25910166,24042247,2024-03-29,14:46:05,cancelada,16850169,CONS0006
61418158,57119663,2025-01-25,13:57:09,cancelada,46604317,CONS0006
67330691,77124533,2024-11-01,15:30:43,confirmada,91983194,CONS0013
29941668,30090020,2024-03-07,08:32:26,atendida,68637398,CONS0004
87418675,35393925,2024-08-28,09:57:19,confirmada,20237501,CONS0020
19314881,65624795,2024-07-11,11:58:10,cancelada,46687147,CONS0017
44749232,91711811,2024-10-24,11:48:57,pendiente,53037036,CONS0003
24315146,87402629,2024-09-03,13:02:33,cancelada,11872633,CONS0013
38571097,44664600,2024-01-14,18:03:55,atendida,77492526,CONS0015
12852795,98568165,2025-05-09,08:05:35,cancelada,51637156,CONS0013
55126683,22626491,2024-06-08,11:04:59,pendiente,46687147,CONS0012
84048224,13569881,2024-10-21,10:47:50,confirmada,47034053,CONS0001
42713186,85916094,2025-03-21,12:46:30,pendiente,43704700,CONS0003
77793238,16902389,2025-06-22,18:31:17,confirmada,65537795,CONS0006
98616008,30493510,2024-02-28,12:09:54,atendida,35962341,CONS0001
55847297,12400580,2024-12-01,12:55:34,pendiente,75751916,CONS0004
23491199,70905790,2024-06-15,12:49:05,confirmada,46604317,CONS0015
57287169,98717352,2024-10-28,16:14:36,pendiente,88111019,CONS0001
67996377,97619116,2024-06-15,08:23:14,cancelada,81485760,CONS0019
44381720,19609858,2024-11-17,12:40:38,atendida,44981864,CONS0006
44822250,83866668,2024-02-17,12:49:55,cancelada,39092690,CONS0016
57327180,93749586,2025-04-01,11:05:53,cancelada,41009211,CONS0018
94582391,85908450,2024-03-18,15:55:11,atendida,47034053,CONS0012
55474616,83364177,2025-03-20,10:45:39,confirmada,77492526,CONS0020
17097363,16526483,2025-03-23,17:38:13,confirmada,41009211,CONS0020
41527311,70462805,2025-06-26,16:30:01,atendida,42654286,CONS0003
22251574,67920529,2024-04-16,15:13:16,cancelada,40103475,CONS0009
61448504,84372103,2025-01-28,15:07:19,atendida,63269514,CONS0005
94543182,71304816,2025-05-10,13:03:35,cancelada,75877726,CONS0010
49914337,93749586,2024-10-09,11:24:12,atendida,20679407,CONS0010
39397132,58360740,2025-05-12,15:20:30,confirmada,46604317,CONS0007
59665747,83364177,2024-02-13,14:40:13,atendida,65537795,CONS0014
82971805,74375932,2025-04-27,17:25:09,atendida,20237501,CONS0013
79369586,96063528,2024-08-22,12:05:03,cancelada,91983194,CONS0001
19463119,65434601,2025-05-08,15:52:27,confirmada,46429941,CONS0004
65023217,20702420,2024-09-06,12:00:58,atendida,89964867,CONS0012
97181850,12400580,2024-12-11,08:21:06,pendiente,77317718,CONS0004
39987007,71304816,2024-06-23,13:28:54,pendiente,77492526,CONS0018
25910166,22626491,2024-08-21,08:14:21,atendida,46604317,CONS0006
84098706,58405079,2025-05-01,08:37:43,atendida,77317718,CONS0010
85894512,32327573,2025-05-24,14:14:04,atendida,20478556,CONS0004
34808325,98568165,2025-02-24,15:19:08,cancelada,92438731,CONS0003
59785260,18559256,2025-03-10,08:55:07,atendida,27854957,CONS0002
88965072,79467952,2024-05-31,18:43:50,confirmada,75751916,CONS0012
62535805,96012953,2024-09-16,11:07:21,pendiente,65537795,CONS0001
77793238,96012953,2025-02-20,18:05:01,pendiente,81485760,CONS0005
85030495,57119663,2024-04-21,10:26:03,cancelada,20757339,CONS0003
40007921,20549460,2024-10-06,08:01:07,confirmada,40103475,CONS0014
30517389,12400580,2025-06-16,12:58:35,atendida,81485760,CONS0004
23282976,97619116,2024-07-14,11:39:30,cancelada,66198846,CONS0016
24309109,32327573,2024-08-30,13:04:04,cancelada,77492526,CONS0005
29751711,12400580,2024-06-23,10:45:21,atendida,66198846,CONS0002
82854692,74375932,2024-01-09,08:07:22,confirmada,53037036,CONS0019
54063516,60446638,2024-02-01,14:36:04,confirmada,11872633,CONS0012
35111535,61290421,2024-06-19,11:19:45,atendida,51124409,CONS0011
49717681,84372103,2025-03-02,16:45:09,confirmada,84084619,CONS0012
86629658,36653995,2024-06-15,10:38:31,cancelada,87365773,CONS0013
79491714,71304816,2024-09-14,11:19:41,atendida,72443329,CONS0008
24714246,96063528,2025-05-01,11:33:31,atendida,50779331,CONS0013
18400371,12400580,2024-03-02,17:51:39,pendiente,20237501,CONS0011
12852795,51740757,2024-05-01,10:19:40,confirmada,68637398,CONS0005
89214976,16526483,2024-12-02,10:23:55,pendiente,81485760,CONS0007
55234373,31556148,2025-02-11,12:42:59,atendida,46687147,CONS0001
31358540,85908450,2024-06-27,15:32:29,confirmada,89964867,CONS0019
95163739,36653995,2024-11-10,08:00:51,atendida,75578973,CONS0015
47247494,91711811,2024-03-09,10:38:30,atendida,77317718,CONS0019
67330691,96012953,2025-02-03,15:47:02,atendida,50779331,CONS0012
18968585,85908450,2024-10-31,18:37:58,atendida,75877726,CONS0015
44781863,32327573,2024-01-01,11:18:08,cancelada,20237501,CONS0014
96525914,53044396,2025-05-30,10:29:11,pendiente,65537795,CONS0006
75075119,85916094,2025-01-23,12:28:21,atendida,40103475,CONS0004
51070155,88351256,2024-03-30,11:26:48,pendiente,89964867,CONS0003
55126683,14679440,2024-02-01,10:41:47,confirmada,20757339,CONS0005
95375033,61290421,2025-04-29,17:02:13,cancelada,11872633,CONS0010
72130630,48714709,2025-03-25,12:20:19,cancelada,20478556,CONS0010
85764503,91003659,2024-05-12,09:43:21,cancelada,11872633,CONS0009
42949508,24881216,2024-02-14,18:31:31,pendiente,46604317,CONS0014
44368890,14679440,2024-04-19,10:49:35,atendida,51124409,CONS0002
54063516,72598876,2024-10-14,17:48:05,atendida,44981864,CONS0015
75274924,58405079,2024-11-24,10:47:39,cancelada,51637156,CONS0012
41271187,16526483,2024-03-09,08:34:05,cancelada,81485760,CONS0013
89433447,39281544,2024-08-13,10:17:46,pendiente,92438731,CONS0010
32933217,32806759,2024-06-17,11:30:46,confirmada,10430093,CONS0008
99942944,14679440,2024-10-16,18:56:35,atendida,92438731,CONS0008
99398875,64993286,2024-05-23,15:16:16,atendida,77317718,CONS0003
89846757,18159694,2025-03-20,10:55:13,cancelada,27290130,CONS0011
45998482,93849292,2025-01-18,15:56:50,confirmada,87365773,CONS0011
85597208,14679440,2025-04-02,11:48:17,cancelada,75877726,CONS0019
16300923,41748053,2024-03-08,18:00:44,confirmada,88111019,CONS0012
59727448,64993286,2024-08-14,18:00:16,atendida,92438731,CONS0013
74326489,43580723,2025-03-16,10:31:45,cancelada,75751916,CONS0010
24714246,65624795,2024-06-01,17:56:00,pendiente,87194526,CONS0011
81424832,28281683,2025-02-24,09:03:34,confirmada,91983194,CONS0001
88166098,99984205,2025-04-28,11:40:09,pendiente,87194526,CONS0012
99039956,97746670,2025-04-13,12:59:50,cancelada,16850169,CONS0012
34792713,12400580,2024-09-12,12:04:22,cancelada,16850169,CONS0020
90198947,32327573,2025-03-19,17:09:44,pendiente,43704700,CONS0019
49070117,43593380,2025-06-16,13:44:03,cancelada,88111019,CONS0020
67458758,30090020,2024-05-25,17:35:57,pendiente,51637156,CONS0004
33071998,41998956,2024-05-05,11:16:13,cancelada,35962341,CONS0003
39830532,99984205,2024-08-01,08:17:12,pendiente,75751916,CONS0008
85645747,68182509,2024-05-02,08:49:20,confirmada,84755576,CONS0015
40847331,91711811,2025-02-07,15:52:46,cancelada,79962945,CONS0019
96208487,72026389,2024-02-13,16:45:00,atendida,91983194,CONS0012
49798892,44664600,2024-06-25,17:36:16,cancelada,84084619,CONS0007
41456961,12400580,2024-10-10,12:41:40,cancelada,84084619,CONS0008
71423188,19609858,2025-02-24,11:01:42,pendiente,75877726,CONS0011
34686696,32327573,2024-11-25,16:07:42,pendiente,76186765,CONS0012
50559608,64993286,2024-05-01,18:12:40,cancelada,51124409,CONS0015
63836864,41998956,2025-02-04,11:22:47,pendiente,44981864,CONS0013
16800733,58405079,2024-08-17,17:17:01,pendiente,94753979,CONS0011
58826156,16902389,2025-05-11,10:06:30,atendida,20237501,CONS0008
59954150,77124533,2025-01-14,10:11:10,confirmada,44981864,CONS0004
87886355,57466245,2025-06-15,12:33:53,confirmada,46429941,CONS0005
40723874,41748053,2024-01-04,16:41:26,pendiente,84755576,CONS0004
50690049,98568165,2024-11-09,16:33:56,atendida,42654286,CONS0002
16800733,97619116,2024-11-03,16:49:32,atendida,66198846,CONS0012
75038374,33794198,2025-02-19,18:55:28,atendida,43704700,CONS0004
82940755,32806759,2025-05-17,15:18:45,pendiente,46687147,CONS0003
93174831,31074589,2024-07-27,14:42:11,cancelada,11872633,CONS0014
86076507,35393925,2025-06-27,14:51:35,confirmada,46429941,CONS0012
74425400,53044396,2024-03-30,09:50:14,confirmada,51124409,CONS0017
48126762,20549460,2024-09-19,14:38:19,cancelada,27290130,CONS0002
30323486,20549460,2024-02-27,17:16:19,confirmada,92438731,CONS0013
22491171,16526483,2024-09-15,10:06:34,pendiente,43704700,CONS0011
12388622,65434601,2024-08-20,09:05:12,confirmada,51637156,CONS0010
86097755,84372103,2024-04-16,10:38:16,confirmada,46687147,CONS0005
69085956,20549460,2025-05-18,09:23:50,atendida,27290130,CONS0001
10367953,97619116,2024-10-04,10:13:07,pendiente,20478556,CONS0017
25501095,88351256,2024-08-10,17:15:10,cancelada,94753979,CONS0013
89974671,57466245,2024-01-16,08:05:11,confirmada,89964867,CONS0001
38255525,70946987,2024-12-17,10:15:10,atendida,81485760,CONS0009
65216217,85908450,2025-01-05,15:13:56,atendida,75877726,CONS0010
27904170,89553837,2024-01-30,09:53:22,confirmada,20237501,CONS0003
55305143,32806759,2024-03-08,13:28:20,confirmada,40103475,CONS0006
55255209,57119663,2024-06-21,11:09:17,cancelada,11872633,CONS0012
59724778,93849292,2024-10-11,12:40:28,pendiente,88111019,CONS0008
69086854,44664600,2024-10-08,17:22:19,cancelada,51637156,CONS0019
44692107,84372103,2024-08-24,18:44:43,cancelada,92438731,CONS0020
53035884,50836801,2025-06-26,17:07:39,atendida,20237501,CONS0004
78897365,13569881,2024-02-29,17:31:17,confirmada,76114112,CONS0013
94165247,72026389,2024-04-18,09:32:42,pendiente,10723787,CONS0009
70137653,58360740,2025-03-23,08:25:03,pendiente,35962341,CONS0019
64082568,65624795,2024-11-14,16:02:20,confirmada,43704700,CONS0009
77505668,36653995,2024-09-04,10:20:27,atendida,89964867,CONS0015
13929258,71304816,2024-11-03,17:46:37,atendida,76186765,CONS0010
21210564,70905790,2024-06-20,11:18:18,confirmada,87365773,CONS0010
77746848,41998956,2025-02-03,13:41:16,pendiente,81485760,CONS0014
58358695,35393925,2024-02-24,16:42:21,cancelada,66198846,CONS0012
84159170,31556148,2024-03-04,10:57:12,atendida,39092690,CONS0005
36183595,28281683,2024-01-28,12:52:53,cancelada,44981864,CONS0004
61448504,20549460,2024-09-04,16:57:33,cancelada,89964867,CONS0005
12717548,74375932,2024-02-23,11:49:11,atendida,39092690,CONS0007
40302917,28210404,2024-05-21,13:38:22,cancelada,46429941,CONS0014
30097694,28210404,2025-03-12,15:49:45,atendida,35962341,CONS0018
84159170,65434601,2024-12-18,17:42:05,confirmada,65537795,CONS0011
71013244,33794198,2024-05-12,14:31:19,atendida,42654286,CONS0012
87551094,33837146,2024-11-10,17:44:28,pendiente,27290130,CONS0004
39408958,13569881,2024-08-01,18:44:27,cancelada,89964867,CONS0016
33033140,28281683,2024-07-13,12:00:25,atendida,94753979,CONS0010
70137653,61450160,2024-01-17,15:35:48,cancelada,35962341,CONS0016
56814370,70905790,2025-03-25,10:55:06,cancelada,11872633,CONS0005
87772969,91003659,2024-08-31,18:25:55,cancelada,75578973,CONS0012
91060029,62512714,2024-07-31,08:37:52,cancelada,44981864,CONS0006
40357531,77253783,2024-04-11,11:22:09,atendida,81485760,CONS0018
93126962,96063528,2025-05-26,14:07:23,atendida,27290130,CONS0016
67727994,24881216,2025-05-14,10:44:47,atendida,66198846,CONS0003
32804710,58405079,2024-08-19,11:05:59,atendida,40103475,CONS0018
17325748,48714709,2024-02-26,11:16:17,atendida,68637398,CONS0002
12508459,91003659,2024-05-11,12:10:53,cancelada,53286209,CONS0001
73965573,98717352,2024-08-21,15:08:00,cancelada,75751916,CONS0006
50450838,83866668,2025-05-22,09:26:41,confirmada,94753979,CONS0020
76028262,28281683,2024-07-29,18:30:35,atendida,35962341,CONS0018
30117482,32327573,2025-02-02,18:42:55,pendiente,39092690,CONS0004
99039956,28281683,2024-05-02,18:10:10,confirmada,89964867,CONS0009
97064077,30493510,2024-01-25,09:33:33,pendiente,40103475,CONS0011
29640407,55188567,2024-08-12,13:38:57,cancelada,10430093,CONS0003
50690049,20702420,2024-10-01,18:02:11,atendida,20478556,CONS0004
78606234,98568165,2025-04-10,17:05:03,pendiente,10723787,CONS0005
41815806,18159694,2024-03-23,09:20:31,cancelada,46687147,CONS0011
40007921,96012953,2024-11-17,17:23:13,pendiente,87365773,CONS0005
73264510,30090020,2024-05-20,09:16:56,confirmada,92438731,CONS0015
42019704,99984205,2025-04-30,15:58:37,confirmada,47034053,CONS0009
89552067,29820168,2024-06-03,11:19:45,atendida,76186765,CONS0019
56154695,31556148,2025-01-04,15:28:40,confirmada,72443329,CONS0009
24392021,91711811,2025-03-28,12:21:17,pendiente,89964867,CONS0001
50211145,30090020,2024-06-05,10:03:49,cancelada,75877726,CONS0014
13826396,58507182,2024-11-17,18:37:35,atendida,68637398,CONS0005
84424851,98568165,2024-07-16,10:33:40,cancelada,20478556,CONS0007
68908863,22626491,2024-05-26,09:38:37,pendiente,20237501,CONS0012
39254621,93749586,2024-03-06,10:09:52,atendida,65537795,CONS0012
25012443,22626491,2025-03-24,18:14:35,confirmada,20757339,CONS0019
49688306,96063528,2024-01-21,16:56:17,cancelada,66198846,CONS0017
93180826,13569881,2024-05-30,17:02:47,atendida,89964867,CONS0001
76576675,34427595,2024-09-01,18:14:41,cancelada,89964867,CONS0020
44451075,67920529,2024-11-05,13:11:30,confirmada,81485760,CONS0009
79051461,13569881,2025-03-21,16:47:17,cancelada,51637156,CONS0014
31838542,98717352,2024-09-23,12:52:25,confirmada,84755576,CONS0002
10519659,77124533,2025-01-05,16:41:15,cancelada,40103475,CONS0002
75038374,41998956,2025-06-15,10:46:57,cancelada,27290130,CONS0001
25501095,13596926,2024-01-21,11:04:42,cancelada,51124409,CONS0018
94458125,12400580,2024-07-06,14:39:05,atendida,68637398,CONS0005
35959932,87402629,2024-06-23,14:51:35,cancelada,75751916,CONS0001
96259152,70462805,2024-05-04,14:35:27,pendiente,84513261,CONS0001
39541573,91003659,2024-01-31,18:17:49,confirmada,53286209,CONS0006
79166519,28210404,2025-06-15,08:34:57,pendiente,11872633,CONS0009
77746848,69190148,2025-02-17,15:26:49,confirmada,76186765,CONS0006
80765128,39281544,2025-05-15,17:48:16,confirmada,40103475,CONS0008
87662084,12078768,2024-07-30,10:56:48,cancelada,89964867,CONS0001
95163739,16902389,2024-04-14,10:01:19,cancelada,41009211,CONS0010
83534864,29820168,2024-10-21,10:12:46,confirmada,27290130,CONS0002
94322505,33492654,2024-09-03,16:24:28,confirmada,46687147,CONS0012
99039956,94766491,2024-04-07,16:33:36,confirmada,88111019,CONS0001
60235871,44486916,2024-09-15,14:30:53,pendiente,79962945,CONS0012
76123530,19609858,2025-01-10,11:27:01,atendida,46604317,CONS0017
60851195,61450160,2025-05-17,15:08:11,pendiente,75877726,CONS0013
95951668,58405079,2024-01-03,10:15:55,cancelada,63269514,CONS0013
87779531,28281683,2024-03-24,14:33:23,pendiente,42654286,CONS0004
54399462,79467952,2025-03-29,10:34:02,confirmada,94753979,CONS0018
56154695,24881216,2024-04-01,11:19:08,pendiente,35962341,CONS0006
18831516,13596926,2024-08-22,14:55:29,pendiente,11872633,CONS0014
19029762,33794198,2024-03-05,16:57:00,atendida,11872633,CONS0017
52722637,57119663,2024-10-25,10:37:50,confirmada,35962341,CONS0002
91995688,91003659,2025-02-04,16:51:53,pendiente,10430093,CONS0012
65098044,44486916,2025-02-19,10:55:34,pendiente,77492526,CONS0002
50559608,33492654,2024-09-28,10:05:42,cancelada,20679407,CONS0009
12327872,30493510,2024-02-26,14:49:08,confirmada,40103475,CONS0003
76900674,83866668,2024-02-07,14:07:58,cancelada,76114112,CONS0016
35518946,18559256,2025-04-18,14:00:49,atendida,81485760,CONS0009
66651036,70946987,2025-01-25,08:58:33,pendiente,92438731,CONS0005
21752714,36653995,2024-08-01,17:18:12,cancelada,11872633,CONS0002
18724067,43593380,2025-01-15,11:16:12,pendiente,87365773,CONS0003
30425595,14679440,2025-02-01,16:11:50,confirmada,10723787,CONS0014
23889691,20017891,2024-02-16,09:24:25,pendiente,72443329,CONS0002
38336375,61450160,2024-05-15,11:01:06,cancelada,66198846,CONS0006
52661291,98568165,2025-05-07,17:28:50,pendiente,76114112,CONS0001
58972592,89553837,2024-01-27,10:57:53,atendida,63269514,CONS0007
62754045,22626491,2024-09-06,12:15:03,cancelada,50779331,CONS0010
39395024,24042247,2024-06-04,11:15:46,pendiente,77492526,CONS0005
55188873,22626491,2024-11-19,16:59:49,confirmada,20237501,CONS0016
63836864,72598876,2025-05-20,17:39:54,pendiente,39092690,CONS0005
53735997,12400580,2024-07-02,08:03:55,confirmada,10430093,CONS0011
99002097,24881216,2024-04-28,14:17:00,confirmada,20478556,CONS0012
10594976,31556148,2024-05-22,15:27:41,confirmada,88111019,CONS0006
67206221,71304816,2024-10-08,16:35:48,pendiente,72443329,CONS0009
13957052,28210404,2024-02-26,09:48:36,cancelada,16850169,CONS0005
18881756,32806759,2024-04-23,12:45:31,atendida,75751916,CONS0010
41456961,62512714,2024-01-22,09:19:16,confirmada,63269514,CONS0004
26352581,74375932,2024-05-02,12:44:37,confirmada,44981864,CONS0006
15521462,83866668,2024-07-03,17:45:51,confirmada,72443329,CONS0008
35282530,34427595,2024-03-06,11:37:08,atendida,51637156,CONS0013
31678417,97397529,2025-03-08,16:30:32,confirmada,53037036,CONS0014
97960688,62674744,2025-04-06,13:13:31,pendiente,27854957,CONS0005
13191365,14679440,2025-01-09,11:00:46,confirmada,92438731,CONS0013
22712036,20702420,2024-12-24,18:37:24,atendida,65537795,CONS0011
43872026,34427595,2024-10-07,15:02:44,pendiente,91983194,CONS0002
30425595,87402629,2024-07-01,12:52:45,atendida,84084619,CONS0017
86097755,30090020,2024-08-23,09:33:19,atendida,53286209,CONS0012
13116818,32806759,2025-01-22,13:38:23,pendiente,75578973,CONS0013
39675906,39281544,2024-02-27,10:32:17,pendiente,65537795,CONS0011
81424832,31556148,2024-03-07,11:40:01,confirmada,43704700,CONS0011
42566734,83364177,2025-06-13,15:12:51,pendiente,16850169,CONS0007
77182705,40793036,2024-01-11,11:22:58,cancelada,53037036,CONS0014
17265840,24881216,2025-06-06,13:51:01,atendida,51124409,CONS0005
56186077,93849292,2025-04-25,17:11:59,confirmada,40103475,CONS0011
52455492,44974348,2024-05-13,11:30:21,atendida,84755576,CONS0010
27746517,28210404,2024-06-17,13:17:09,atendida,76114112,CONS0020
95951668,14679440,2025-01-01,12:12:51,pendiente,75578973,CONS0011
28011038,57119663,2024-03-25,15:04:19,pendiente,53037036,CONS0008
31171272,18559256,2024-06-10,10:25:45,confirmada,84755576,CONS0016
41263118,98568165,2024-08-09,14:25:35,pendiente,41009211,CONS0003
97960688,83364177,2024-06-22,08:17:16,cancelada,65537795,CONS0010
21210564,71842988,2025-05-29,16:23:29,confirmada,42654286,CONS0005
75849762,13596926,2024-06-07,18:01:37,confirmada,75578973,CONS0004
36183595,62674744,2024-10-18,17:50:05,atendida,77492526,CONS0003
66155702,12078768,2024-04-30,12:01:10,pendiente,42654286,CONS0008
12852795,62674744,2024-09-30,14:15:00,confirmada,81485760,CONS0003
90386304,85785060,2025-06-03,12:27:19,atendida,40103475,CONS0008
18582018,44486916,2024-02-02,10:15:22,pendiente,84084619,CONS0019
50553929,34427595,2024-05-08,16:48:04,confirmada,63269514,CONS0018
58735209,28281683,2025-02-03,12:50:44,atendida,39092690,CONS0013
55665753,93749586,2024-11-27,15:22:55,atendida,76114112,CONS0009
97256872,71304816,2024-06-27,10:29:09,cancelada,76186765,CONS0009
29837615,36653995,2024-06-25,09:37:28,cancelada,88111019,CONS0008
83318633,70946987,2024-03-22,08:28:21,pendiente,16850169,CONS0008
71008703,74375932,2025-04-19,15:18:46,cancelada,47034053,CONS0011
56204300,87402629,2025-05-04,16:12:24,pendiente,39092690,CONS0004
88464858,22626491,2024-03-11,08:37:06,pendiente,41009211,CONS0013
25941706,36653995,2025-06-11,15:53:22,atendida,35962341,CONS0014
70346203,91003659,2024-05-25,09:48:53,cancelada,42654286,CONS0006
60907503,94766491,2024-12-02,11:18:13,atendida,20478556,CONS0002
10594976,24881216,2024-07-13,16:49:18,atendida,46604317,CONS0008
48263799,69190148,2024-08-01,16:01:22,confirmada,20478556,CONS0013
50211145,83866668,2025-02-08,14:53:28,confirmada,16850169,CONS0007
99082453,97397529,2025-04-18,09:07:21,confirmada,79962945,CONS0018
13444632,77124533,2024-01-08,16:44:55,cancelada,77492526,CONS0004
48812712,70462805,2024-11-08,11:53:47,confirmada,53037036,CONS0012
15141032,70905790,2024-10-11,08:11:10,pendiente,39092690,CONS0016
27588209,44974348,2024-12-03,18:42:21,cancelada,84513261,CONS0001
48480483,22626491,2024-01-09,08:19:35,cancelada,51637156,CONS0013
81004778,68595612,2024-08-31,10:47:33,confirmada,16850169,CONS0009
87886355,16526483,2024-01-16,12:04:02,atendida,44981864,CONS0010
34808325,28210404,2024-11-17,10:33:21,atendida,68637398,CONS0013
44368890,12078768,2024-12-21,13:39:27,pendiente,51637156,CONS0003
62388845,93749586,2024-11-24,12:05:21,confirmada,20478556,CONS0010
24315146,58943445,2025-04-27,17:42:39,pendiente,47034053,CONS0017
50632841,70462805,2024-09-25,13:46:49,pendiente,77492526,CONS0004
24630321,87402629,2024-06-21,11:34:44,cancelada,79962945,CONS0014
19314881,85908450,2024-04-02,17:04:04,confirmada,44981864,CONS0002
58605117,35393925,2024-03-06,08:08:40,atendida,81485760,CONS0019
40841321,79467952,2025-01-05,09:45:11,confirmada,89964867,CONS0020
98648298,93749586,2024-03-13,15:09:10,atendida,20237501,CONS0002
78505044,72598876,2025-06-12,09:44:53,cancelada,39092690,CONS0020
96525914,30090020,2024-06-16,14:57:54,pendiente,63269514,CONS0013
54834477,34427595,2024-06-26,18:50:51,atendida,87365773,CONS0019
49003523,79467952,2025-02-24,13:53:30,confirmada,84084619,CONS0005
17744051,43593380,2025-05-24,11:58:36,pendiente,84513261,CONS0015
86763544,18159694,2024-01-16,15:59:24,cancelada,11872633,CONS0014
75976504,94766491,2024-08-29,12:01:32,cancelada,75877726,CONS0014
73442134,36653995,2024-10-09,10:42:14,pendiente,27854957,CONS0002
87474461,96063528,2024-11-21,16:04:31,atendida,94753979,CONS0015
89846757,22626491,2024-09-08,10:50:20,confirmada,44981864,CONS0015
40257970,44974348,2025-03-14,16:49:08,atendida,27290130,CONS0007
40620618,28210404,2024-08-11,13:45:27,pendiente,46604317,CONS0002
60565029,87402629,2024-11-23,18:10:05,atendida,16850169,CONS0019
33979316,61290421,2025-01-31,17:46:49,atendida,42654286,CONS0019
29351985,53044396,2024-07-21,16:52:07,cancelada,11872633,CONS0007
23851610,34427595,2024-07-29,11:21:50,pendiente,46604317,CONS0006
82940755,50836801,2025-06-25,09:10:52,pendiente,46604317,CONS0007
99002097,61290421,2025-06-21,09:21:45,cancelada,84755576,CONS0010
30034848,84372103,2024-08-16,16:54:10,atendida,77492526,CONS0011
19488150,98568165,2024-05-14,17:13:14,atendida,75751916,CONS0015
67063561,41748053,2024-01-17,17:11:51,confirmada,53286209,CONS0004
44749232,83866668,2025-03-09,15:04:24,atendida,79962945,CONS0007
82854692,11077031,2025-01-01,17:37:34,atendida,20237501,CONS0008
44692107,31556148,2024-07-13,09:50:44,cancelada,41009211,CONS0002
58972592,57119663,2024-04-25,18:38:15,pendiente,27290130,CONS0012
84058171,89553837,2025-01-25,10:05:53,atendida,20679407,CONS0009
77881790,70462805,2025-04-03,08:39:54,pendiente,20478556,CONS0010
16300923,93749586,2025-05-05,08:24:16,atendida,53037036,CONS0008
51377824,61290421,2024-04-08,10:20:23,cancelada,27854957,CONS0012
94543182,62512714,2024-11-13,14:55:01,confirmada,20679407,CONS0005
87964154,36653995,2024-09-29,14:51:07,pendiente,53286209,CONS0020
13147493,96063528,2024-05-08,15:55:44,confirmada,47034053,CONS0019
81291291,31556148,2024-11-07,13:45:00,confirmada,87365773,CONS0014
38452640,93849292,2024-09-29,17:49:03,cancelada,72443329,CONS0003
93819377,97746670,2025-01-07,13:32:41,atendida,43704700,CONS0002
42566734,32806759,2024-11-08,13:34:03,cancelada,53037036,CONS0006
99442839,96012953,2024-08-26,09:21:52,atendida,84513261,CONS0001
87882547,13596926,2024-02-07,11:59:52,cancelada,20679407,CONS0001
38589731,85785060,2025-04-18,08:31:28,pendiente,20237501,CONS0020
11240174,70462805,2025-06-20,13:41:24,cancelada,79962945,CONS0018
70346203,89553837,2024-06-13,16:32:23,pendiente,46687147,CONS0002
42589650,99984205,2025-02-17,18:51:56,cancelada,89964867,CONS0003
10339664,61290421,2024-09-22,18:17:53,cancelada,35962341,CONS0010
39254621,58943445,2024-08-19,10:10:55,confirmada,35962341,CONS0004
68991079,96012953,2025-04-16,15:03:11,confirmada,39092690,CONS0020
64778567,97619116,2024-05-28,14:07:17,confirmada,91983194,CONS0020
94582391,91003659,2024-11-26,10:10:47,confirmada,40103475,CONS0018
49470902,89553837,2024-12-28,08:48:43,cancelada,72443329,CONS0019
14293994,41748053,2024-05-03,18:30:07,atendida,40103475,CONS0009
53107263,19609858,2024-07-11,14:25:57,pendiente,39092690,CONS0015
60907503,58360740,2025-03-03,09:19:55,cancelada,89964867,CONS0015
15611353,57466245,2024-03-16,10:11:32,cancelada,47034053,CONS0018
45804853,30493510,2024-08-25,13:27:10,atendida,94753979,CONS0014
79029516,57466245,2024-03-31,12:25:11,pendiente,20679407,CONS0007
49864470,22626491,2025-04-07,16:50:24,confirmada,65537795,CONS0006
93956251,91711811,2025-06-07,10:51:05,atendida,27854957,CONS0007
19537123,24881216,2025-04-02,13:08:28,pendiente,94753979,CONS0006
71974790,33837146,2024-06-21,13:32:20,atendida,41009211,CONS0003
31599409,43580723,2025-01-14,15:16:19,pendiente,76114112,CONS0006
21126528,33492654,2024-01-13,15:23:10,atendida,66198846,CONS0006
98194944,55188567,2025-03-11,11:52:52,confirmada,87194526,CONS0012
97560068,33837146,2024-09-10,15:20:11,atendida,65537795,CONS0007
90271199,33794198,2024-12-16,12:43:39,confirmada,16850169,CONS0008
44467740,67920529,2024-11-18,09:17:41,cancelada,51637156,CONS0008
93780715,58360740,2024-01-02,16:40:34,cancelada,75751916,CONS0003
99082453,58360740,2024-04-12,08:32:58,cancelada,72443329,CONS0013
33997478,72514106,2024-08-04,17:14:15,confirmada,89964867,CONS0009
50211145,32806759,2024-03-28,13:16:23,pendiente,87365773,CONS0018
93819377,20549460,2024-11-22,15:12:52,cancelada,51124409,CONS0008
31599409,20702420,2024-04-30,08:16:36,pendiente,68637398,CONS0003
49470902,98717352,2024-09-21,12:02:17,cancelada,84084619,CONS0020
36525636,31074589,2024-11-07,09:00:47,cancelada,27290130,CONS0014
24697258,24042247,2025-05-21,13:23:36,atendida,91983194,CONS0014
44451075,35393925,2025-02-08,17:37:49,confirmada,75877726,CONS0011
43903604,44974348,2025-05-18,11:02:13,confirmada,43704700,CONS0014
42072269,16902389,2024-11-20,13:39:31,atendida,72443329,CONS0001
21752714,74375932,2024-05-17,11:03:37,pendiente,75877726,CONS0011
99442839,65624795,2024-08-04,18:09:34,pendiente,51637156,CONS0003
31838542,24881216,2025-03-28,17:53:40,cancelada,20757339,CONS0016
20423400,77124533,2024-02-13,16:06:25,pendiente,39092690,CONS0002
50578708,30493510,2025-05-18,18:52:38,pendiente,76114112,CONS0009
38917126,70946987,2025-03-04,18:41:12,atendida,39092690,CONS0002
29751711,61450160,2024-02-29,15:00:36,cancelada,89964867,CONS0002
20489218,69190148,2024-09-25,15:25:01,confirmada,44981864,CONS0008
85206555,33794198,2025-02-01,09:49:42,cancelada,84084619,CONS0011
81291291,28281683,2024-05-18,09:08:44,atendida,75877726,CONS0009
35518946,98568165,2024-07-08,12:04:30,cancelada,94753979,CONS0019
95951668,97746670,2024-05-14,09:29:39,cancelada,84513261,CONS0009
22048375,65624795,2024-03-12,16:55:21,cancelada,65537795,CONS0015
79051461,43580723,2024-04-03,16:23:05,atendida,39092690,CONS0012
67206221,65624795,2024-07-05,11:02:49,confirmada,10430093,CONS0009
88356196,19609858,2024-10-01,11:08:16,atendida,11872633,CONS0002
33856599,77253783,2025-04-19,16:31:56,atendida,20478556,CONS0008
77020648,65434601,2024-06-18,17:19:23,confirmada,47034053,CONS0001
90377967,39281544,2024-09-15,15:25:27,cancelada,77492526,CONS0012
80817869,72026389,2025-01-14,12:32:58,atendida,92438731,CONS0016
30559088,33794198,2024-01-01,08:45:05,pendiente,76186765,CONS0018
46106648,44974348,2024-01-30,17:57:05,confirmada,10723787,CONS0007
79412431,16526483,2024-06-15,17:43:58,cancelada,79962945,CONS0007
81004778,58943445,2024-10-27,16:23:47,cancelada,39092690,CONS0016
77518001,61290421,2024-01-27,16:16:01,pendiente,16850169,CONS0011
55005426,40793036,2025-04-18,14:42:10,confirmada,27290130,CONS0015
34686696,31074589,2024-05-01,08:32:28,cancelada,20757339,CONS0014
51015117,16902389,2024-06-01,12:30:55,atendida,79962945,CONS0009
48812712,57119663,2024-10-19,09:49:41,atendida,20478556,CONS0008
80817869,67920529,2025-02-01,13:24:40,cancelada,10723787,CONS0020
89433447,18559256,2024-09-09,10:07:11,confirmada,27290130,CONS0010
78405443,58405079,2024-06-25,18:08:51,cancelada,27290130,CONS0014
58400225,43580723,2025-06-26,17:15:08,confirmada,20757339,CONS0020
50060628,72598876,2024-09-12,08:36:54,atendida,65537795,CONS0008
28227128,35393925,2024-10-18,16:34:00,confirmada,94753979,CONS0012
55509973,44664600,2024-08-04,13:15:19,cancelada,20679407,CONS0015
93663894,28281683,2024-06-28,09:59:22,confirmada,92438731,CONS0014
68217270,99984205,2024-08-21,08:41:06,confirmada,77492526,CONS0012
26641396,91711811,2024-02-19,08:09:36,confirmada,75877726,CONS0007
59954150,70905790,2024-12-29,12:53:22,confirmada,75578973,CONS0010
20559395,24042247,2024-12-09,09:17:05,cancelada,75751916,CONS0005
40504525,91711811,2024-01-22,16:17:01,pendiente,47034053,CONS0014
49333744,36653995,2025-06-21,15:29:48,atendida,75877726,CONS0014
15079989,12078768,2024-05-15,14:01:26,cancelada,35962341,CONS0012
68272076,34427595,2024-09-13,11:14:25,confirmada,20478556,CONS0005
98194944,19609858,2024-06-07,08:16:40,pendiente,77492526,CONS0006
57474309,12400580,2025-05-08,14:26:14,confirmada,76114112,CONS0015
91060029,40793036,2024-03-03,14:12:52,pendiente,72443329,CONS0004
11639066,20549460,2024-08-11,14:12:53,atendida,77317718,CONS0006
51334101,18159694,2025-01-31,15:21:30,pendiente,47034053,CONS0009
73624194,65434601,2024-01-14,15:59:26,atendida,91983194,CONS0001
57474309,83364177,2025-01-19,11:25:03,cancelada,79962945,CONS0018
86330959,53044396,2024-10-10,12:35:38,pendiente,42654286,CONS0004
60565029,62674744,2024-11-28,17:24:26,cancelada,44981864,CONS0019
99233707,65624795,2024-07-07,08:08:56,cancelada,51124409,CONS0014
55126683,39281544,2025-02-19,11:59:57,atendida,10723787,CONS0005
45675100,20702420,2024-03-24,08:50:40,cancelada,46429941,CONS0020
12650965,18159694,2024-02-18,16:40:48,pendiente,53286209,CONS0001
40302917,20702420,2025-01-13,08:00:42,atendida,91983194,CONS0004
27129713,28210404,2024-05-13,08:51:10,atendida,87194526,CONS0017
96082844,68595612,2024-11-22,14:11:21,cancelada,16850169,CONS0017
75556654,88351256,2025-05-17,13:07:37,pendiente,87365773,CONS0015
84159170,93849292,2024-11-06,17:58:08,cancelada,91983194,CONS0014
17968327,88351256,2024-04-10,18:21:31,pendiente,10723787,CONS0004
73264510,51740757,2025-01-16,11:32:35,pendiente,75751916,CONS0016
71008703,13569881,2024-10-27,15:26:09,cancelada,46604317,CONS0020
89839605,28210404,2024-04-13,10:43:42,confirmada,27290130,CONS0014
55474616,85908450,2024-03-03,15:46:29,pendiente,35962341,CONS0017
44467740,97746670,2024-04-04,18:21:42,atendida,75578973,CONS0018
55945461,70905790,2024-08-26,11:18:54,atendida,50779331,CONS0019
40302917,62674744,2024-09-11,09:57:14,pendiente,88111019,CONS0020
36172104,33794198,2025-04-27,11:06:01,confirmada,46687147,CONS0018
50816462,98717352,2024-08-15,10:40:06,confirmada,50779331,CONS0012
39254621,68182509,2024-05-10,15:09:44,pendiente,75578973,CONS0002
61201592,28210404,2024-12-03,14:51:49,confirmada,79962945,CONS0002
35282530,72026389,2025-06-28,10:29:50,cancelada,20757339,CONS0005
49333744,62674744,2024-01-04,18:21:28,confirmada,77317718,CONS0012
48979553,32806759,2025-01-28,13:52:18,atendida,66198846,CONS0011
56525247,58405079,2025-01-31,12:51:05,atendida,46604317,CONS0003
87019329,16902389,2024-09-12,13:49:07,pendiente,27290130,CONS0017
13191365,58360740,2024-11-15,10:31:31,pendiente,50779331,CONS0018
42956997,34427595,2024-12-05,16:56:39,atendida,10430093,CONS0016
60836762,48714709,2024-05-26,16:23:03,atendida,92438731,CONS0002
71423188,69190148,2024-06-11,14:35:53,confirmada,94753979,CONS0007
40885242,72026389,2025-05-02,15:51:52,cancelada,94753979,CONS0002
96577555,22626491,2024-01-17,13:12:45,confirmada,11872633,CONS0010
57747809,33837146,2024-05-10,13:10:12,atendida,91983194,CONS0005
11636981,30493510,2025-01-26,08:57:50,pendiente,66198846,CONS0008
34686696,97746670,2025-01-08,18:01:14,cancelada,84084619,CONS0012
66112828,96012953,2025-02-15,13:13:37,cancelada,39092690,CONS0012
40620618,41998956,2024-06-29,13:04:21,cancelada,91983194,CONS0003
69086854,20549460,2025-01-04,17:52:46,confirmada,87194526,CONS0018
71283557,65624795,2025-02-05,15:34:04,cancelada,87365773,CONS0002
15521462,46192532,2024-01-16,08:53:17,atendida,47034053,CONS0009
40847331,39281544,2024-02-08,18:23:52,cancelada,47034053,CONS0020
39541573,31556148,2025-06-15,16:28:27,confirmada,27290130,CONS0003
67206221,36653995,2025-03-23,12:44:52,confirmada,10430093,CONS0005
26141956,18559256,2025-06-18,14:08:10,pendiente,91983194,CONS0015
11639066,61290421,2024-01-04,15:47:01,atendida,20478556,CONS0008
12860090,91711811,2024-07-29,14:34:51,pendiente,81485760,CONS0009
40841321,91711811,2024-06-19,17:03:47,cancelada,75578973,CONS0002
57474309,33794198,2024-03-12,17:18:04,pendiente,63269514,CONS0013
75866879,62674744,2024-12-18,12:40:33,pendiente,46604317,CONS0009
97960688,33492654,2024-03-03,09:32:19,atendida,20237501,CONS0003
26641396,41748053,2024-07-19,09:43:24,pendiente,20237501,CONS0016
61313656,13596926,2024-07-08,11:55:12,confirmada,42654286,CONS0015
64675976,96063528,2024-09-08,12:30:34,confirmada,89964867,CONS0015
30948243,83866668,2024-01-11,12:51:12,pendiente,27854957,CONS0011
76576675,24881216,2024-07-09,14:08:24,atendida,51637156,CONS0002
31810833,72514106,2025-06-23,17:50:35,atendida,87194526,CONS0002
17968327,87402629,2025-06-22,16:33:22,cancelada,40103475,CONS0008
85709343,85916094,2024-05-19,17:23:42,pendiente,84513261,CONS0014
25472044,85916094,2024-09-11,10:29:07,confirmada,89964867,CONS0013
76028262,46192532,2024-12-14,16:17:07,pendiente,81485760,CONS0005
13191365,62512714,2024-12-04,18:10:51,pendiente,43704700,CONS0004
71283557,98717352,2024-01-06,15:04:52,confirmada,41009211,CONS0013
33043469,33837146,2025-05-05,16:44:37,cancelada,87194526,CONS0013
93126962,77253783,2024-12-02,16:48:14,cancelada,46687147,CONS0013
72769291,60446638,2024-10-28,13:39:51,cancelada,27854957,CONS0004
49241255,44974348,2025-06-06,16:01:19,pendiente,63269514,CONS0001
55255209,32327573,2025-02-23,13:03:05,atendida,35962341,CONS0010
42713186,22626491,2024-08-24,12:50:14,pendiente,43704700,CONS0017
72378073,64993286,2025-04-20,16:15:56,confirmada,11872633,CONS0008
96339748,72598876,2024-03-22,14:58:25,confirmada,20757339,CONS0016
23889691,88351256,2025-03-31,09:41:39,cancelada,77492526,CONS0001
81424464,83866668,2024-12-10,08:05:37,confirmada,75751916,CONS0020
96913689,77124533,2024-09-29,17:27:38,cancelada,50779331,CONS0009
11170115,28281683,2025-06-22,10:42:52,atendida,20478556,CONS0007
97064077,96012953,2024-09-16,08:37:01,pendiente,79962945,CONS0019
80431114,97746670,2024-05-25,13:42:58,atendida,68637398,CONS0020
85030495,85916094,2025-02-27,12:10:06,pendiente,79962945,CONS0010
33997478,77124533,2024-09-06,13:14:02,cancelada,63269514,CONS0008
50519952,44486916,2024-10-22,16:28:01,confirmada,79962945,CONS0012
70460160,33794198,2024-02-15,13:31:15,pendiente,43704700,CONS0020
94978576,33492654,2025-03-09,10:29:28,atendida,66198846,CONS0006
22048375,20549460,2025-06-03,15:14:06,atendida,20679407,CONS0002
30377227,14679440,2024-03-30,12:35:14,confirmada,84084619,CONS0003
53320672,77253783,2024-04-16,18:33:06,cancelada,79962945,CONS0011
82110931,77253783,2025-02-23,11:36:21,confirmada,75751916,CONS0002
20122933,41748053,2024-08-20,17:27:19,pendiente,27290130,CONS0007
55234373,11077031,2024-09-16,13:17:28,pendiente,10723787,CONS0002
27746517,43580723,2024-06-27,12:49:48,atendida,89964867,CONS0003
26477244,98568165,2024-10-31,14:57:23,atendida,20679407,CONS0005
88318650,44664600,2024-07-05,18:47:01,pendiente,50779331,CONS0018
54002750,32327573,2024-05-21,17:15:09,confirmada,10723787,CONS0017
81594658,20702420,2024-07-01,12:51:14,confirmada,10430093,CONS0013
64827992,68595612,2025-02-15,09:34:30,cancelada,76114112,CONS0005
66029136,43580723,2024-09-12,11:18:16,atendida,46687147,CONS0018
83414219,14679440,2025-02-20,10:19:03,pendiente,51637156,CONS0012
86330959,29820168,2024-04-03,09:02:47,pendiente,35962341,CONS0008
15611353,61290421,2024-05-03,08:16:20,cancelada,51124409,CONS0019
98036364,58943445,2024-02-01,13:59:35,cancelada,46429941,CONS0016
58605117,57466245,2025-05-19,10:05:44,atendida,50779331,CONS0014
64333529,20702420,2025-01-10,13:57:18,pendiente,68637398,CONS0002
38918433,22626491,2024-03-07,14:33:28,confirmada,84513261,CONS0015
90789634,58943445,2025-03-22,15:45:56,pendiente,20478556,CONS0005
84048224,24881216,2025-02-15,13:57:47,pendiente,94753979,CONS0012
70460160,58405079,2025-06-05,09:22:09,pendiente,87365773,CONS0005
76900674,61290421,2024-11-05,13:19:50,atendida,53037036,CONS0019
61201592,68595612,2024-03-20,17:00:10,confirmada,40103475,CONS0019
85709343,70946987,2024-10-29,15:52:50,pendiente,92438731,CONS0008
71314737,13569881,2024-02-28,11:15:38,pendiente,50779331,CONS0012
97256872,53044396,2024-03-25,14:37:42,confirmada,68637398,CONS0009
79891766,64993286,2024-11-26,18:23:53,atendida,75578973,CONS0011
26141956,12078768,2024-03-24,14:07:07,atendida,27854957,CONS0008
87886355,72598876,2024-10-30,14:45:56,atendida,87365773,CONS0016
20739295,33794198,2024-11-30,08:07:58,cancelada,20478556,CONS0001
93780715,65624795,2024-12-25,15:24:36,atendida,84084619,CONS0016
79051461,58507182,2024-08-02,17:32:31,pendiente,10723787,CONS0019
32592676,65434601,2024-01-26,13:36:47,cancelada,10430093,CONS0005
54063516,20017891,2024-01-01,11:40:49,atendida,27290130,CONS0004
30097694,83364177,2024-04-15,16:34:23,atendida,63269514,CONS0013
67330691,85916094,2024-12-25,08:34:58,atendida,77317718,CONS0005
31867646,31556148,2024-12-19,14:29:14,cancelada,76186765,CONS0019
74588535,57466245,2024-10-06,13:41:35,cancelada,43704700,CONS0018
18491211,91711811,2025-03-17,15:36:28,pendiente,84084619,CONS0020
64343693,81716639,2024-12-07,10:23:18,pendiente,87365773,CONS0009
87882547,20549460,2024-11-04,10:22:27,confirmada,75751916,CONS0014
55328233,19609858,2025-02-18,12:51:59,cancelada,42654286,CONS0010
76694769,61290421,2025-05-01,10:52:21,pendiente,10430093,CONS0010
99104683,93749586,2024-04-29,17:32:54,atendida,87194526,CONS0017
58358695,71304816,2025-03-14,11:49:59,atendida,51124409,CONS0011
31838542,20549460,2024-08-04,12:59:14,cancelada,53286209,CONS0014
70262661,62674744,2025-02-27,10:07:40,cancelada,41009211,CONS0012
79491714,64993286,2024-08-05,18:55:24,confirmada,76186765,CONS0002
15408774,65624795,2025-01-29,16:27:40,atendida,84513261,CONS0012
94086231,99984205,2024-09-27,17:08:10,cancelada,79962945,CONS0016
27904170,87402629,2024-12-02,10:59:48,atendida,75877726,CONS0002
42949508,24042247,2024-05-16,17:42:47,confirmada,66198846,CONS0004
40000942,65434601,2025-02-11,09:14:16,cancelada,94753979,CONS0010
98194944,97619116,2025-01-03,16:25:50,cancelada,51637156,CONS0010
67187636,40793036,2025-02-06,17:09:50,cancelada,20757339,CONS0019
31092513,67920529,2024-07-05,10:51:03,atendida,43704700,CONS0008
81897892,14679440,2024-12-18,10:57:09,cancelada,88111019,CONS0010
60829090,96012953,2024-07-28,15:12:53,confirmada,75751916,CONS0012
30559088,58360740,2025-01-09,15:28:10,confirmada,65537795,CONS0015
92994114,79467952,2024-12-20,13:42:36,confirmada,11872633,CONS0003
81897892,72514106,2024-11-11,13:13:26,pendiente,43704700,CONS0006
92601281,68182509,2024-11-15,09:03:04,cancelada,68637398,CONS0007
54451276,61290421,2025-01-29,08:50:35,confirmada,75877726,CONS0006
56204300,57466245,2025-04-29,17:30:19,confirmada,27854957,CONS0010
42589650,77124533,2024-11-02,18:52:10,cancelada,16850169,CONS0016
76689595,72598876,2025-04-28,11:55:52,confirmada,20478556,CONS0015
42956997,79467952,2024-10-30,08:25:58,confirmada,72443329,CONS0010
94132817,58507182,2024-01-02,18:03:53,atendida,43704700,CONS0018
69413136,62512714,2025-06-24,09:21:25,atendida,46687147,CONS0011
32800385,53044396,2024-08-17,09:16:07,pendiente,81485760,CONS0008
66029136,11077031,2025-05-29,15:46:28,confirmada,89964867,CONS0002
79777077,46192532,2024-11-14,09:05:25,pendiente,87194526,CONS0010
22712036,72026389,2024-01-30,10:54:07,atendida,79962945,CONS0014
16863427,22626491,2024-11-19,11:22:03,pendiente,66198846,CONS0012
28664768,85916094,2024-07-05,17:38:58,cancelada,46687147,CONS0012
99237439,91003659,2024-08-24,14:20:50,cancelada,88111019,CONS0002
27588209,12078768,2025-06-14,08:03:52,confirmada,75877726,CONS0004
70346203,18559256,2024-08-14,16:32:47,cancelada,51124409,CONS0016
67458758,43580723,2025-05-29,15:49:54,pendiente,75578973,CONS0011
53107263,41998956,2025-01-03,08:59:13,cancelada,27854957,CONS0008
91967413,58405079,2024-03-22,10:43:36,pendiente,43704700,CONS0013
69946612,61450160,2024-07-30,13:43:11,confirmada,75877726,CONS0020
54399462,50836801,2024-07-21,13:52:33,pendiente,81485760,CONS0013
75849762,44974348,2024-03-08,15:43:29,pendiente,50779331,CONS0013
91325745,97619116,2025-03-08,11:16:27,cancelada,51124409,CONS0014
96517807,43580723,2025-01-02,18:47:05,pendiente,53037036,CONS0015
22712036,79467952,2024-07-12,14:57:58,cancelada,46429941,CONS0015
81603204,83866668,2024-08-11,12:16:04,cancelada,27854957,CONS0012
87886355,71842988,2025-02-09,16:46:06,atendida,11872633,CONS0016
76250550,20017891,2024-12-06,12:12:38,cancelada,39092690,CONS0012
94709553,70946987,2025-01-05,15:39:36,cancelada,20679407,CONS0002
55234373,96063528,2025-01-25,15:27:19,confirmada,84084619,CONS0009
87340702,28210404,2025-01-31,08:30:44,cancelada,72443329,CONS0003
78336371,96063528,2024-03-15,12:29:01,confirmada,91983194,CONS0004
78897365,40793036,2024-03-28,18:50:28,atendida,44981864,CONS0013
47035406,91003659,2024-11-07,16:33:40,confirmada,11872633,CONS0013
15577813,35393925,2024-10-02,10:43:00,confirmada,20237501,CONS0005
30097694,28281683,2024-03-21,12:07:47,atendida,20757339,CONS0020
95951668,31074589,2024-06-16,12:51:29,pendiente,20237501,CONS0019
30034848,11077031,2025-02-07,15:07:04,confirmada,66198846,CONS0012
13659984,40793036,2024-11-09,12:59:28,cancelada,65537795,CONS0008
90211355,62512714,2024-07-08,12:58:52,atendida,79962945,CONS0014
72542319,58943445,2025-01-11,11:12:54,atendida,72443329,CONS0016
36934585,51740757,2025-01-31,08:13:43,confirmada,65537795,CONS0015
12717548,24042247,2025-06-08,09:39:48,atendida,27854957,CONS0012
70568056,79467952,2024-12-25,13:26:40,confirmada,68637398,CONS0015
83603087,33794198,2025-04-14,15:44:18,pendiente,42654286,CONS0010
42377803,39281544,2024-02-15,14:37:40,cancelada,51124409,CONS0013
25472044,70462805,2025-05-20,08:09:29,cancelada,46687147,CONS0018
10594976,12078768,2024-02-04,09:36:26,pendiente,75877726,CONS0008
38336375,51740757,2025-04-15,16:50:54,cancelada,84755576,CONS0019
57471313,30493510,2024-07-01,15:41:48,pendiente,84755576,CONS0007
59313848,33492654,2024-11-10,13:25:44,confirmada,10723787,CONS0020
40302917,83364177,2024-02-14,08:28:48,atendida,20679407,CONS0004
29640407,11077031,2025-01-17,08:11:05,pendiente,88111019,CONS0001
76250550,22626491,2024-06-19,14:59:40,confirmada,84084619,CONS0011
30948243,41998956,2024-03-09,08:42:02,atendida,50779331,CONS0019
24392021,77253783,2024-10-09,16:08:27,cancelada,76114112,CONS0019
53680493,83866668,2025-06-18,15:18:04,confirmada,84084619,CONS0007
36852626,70905790,2024-12-16,14:43:30,atendida,20237501,CONS0011
25012443,62512714,2025-03-15,13:49:58,pendiente,10430093,CONS0010
17325748,41748053,2024-03-22,13:55:26,confirmada,84755576,CONS0016
78897365,30090020,2024-11-01,08:01:16,atendida,77317718,CONS0017
64767563,61290421,2024-03-15,10:44:16,cancelada,46604317,CONS0018
61313656,33492654,2025-06-19,18:51:16,cancelada,51637156,CONS0007
80817869,97746670,2024-11-03,11:24:41,atendida,41009211,CONS0020
21752714,41998956,2025-06-23,10:10:08,pendiente,75751916,CONS0017
85492640,31556148,2024-09-16,10:26:20,pendiente,89964867,CONS0009
35117804,36653995,2024-12-09,17:04:45,pendiente,76114112,CONS0006
25012443,28210404,2024-06-16,09:58:31,confirmada,20237501,CONS0002
73442134,97746670,2024-11-21,10:11:59,pendiente,77317718,CONS0001
49241255,88351256,2024-05-03,13:11:09,atendida,20478556,CONS0018
50664852,57466245,2024-04-05,14:44:22,cancelada,27854957,CONS0008
69413136,62674744,2024-05-17,14:55:33,pendiente,39092690,CONS0017
94543182,98568165,2024-09-24,09:16:50,cancelada,79962945,CONS0009
58649795,20702420,2024-08-16,13:38:07,pendiente,75877726,CONS0016
75038374,24881216,2024-08-13,10:17:50,atendida,11872633,CONS0002
92015092,53044396,2024-06-19,16:18:46,cancelada,81485760,CONS0019
89552067,72026389,2024-05-22,18:27:54,atendida,88111019,CONS0006
14737072,20702420,2025-06-03,11:09:16,confirmada,76114112,CONS0004
85745622,58507182,2025-05-03,11:10:31,confirmada,51124409,CONS0006
22162414,29820168,2024-12-14,10:04:15,confirmada,10723787,CONS0016
83973873,28281683,2025-01-21,16:00:40,pendiente,79962945,CONS0016
90271199,12400580,2024-10-04,17:03:27,atendida,92438731,CONS0013
57471313,24042247,2025-05-26,15:21:23,cancelada,20237501,CONS0008
89433447,46192532,2025-01-15,18:16:08,pendiente,92438731,CONS0015
56814370,70946987,2025-04-08,14:29:02,confirmada,87365773,CONS0014
55255209,39281544,2024-01-18,13:12:40,cancelada,46604317,CONS0009
33997478,35393925,2024-10-28,12:05:27,atendida,75578973,CONS0020
55438325,72026389,2024-12-28,17:55:41,atendida,75751916,CONS0009
83017198,46192532,2025-06-11,14:14:26,atendida,47034053,CONS0019
89433447,93849292,2025-02-14,11:57:19,confirmada,88111019,CONS0020
97064077,64993286,2024-04-14,10:24:15,atendida,20679407,CONS0017
55126683,16902389,2025-01-23,12:08:15,pendiente,76114112,CONS0013
27381196,71304816,2024-11-01,10:19:04,atendida,53037036,CONS0001
57491109,61450160,2025-03-11,15:07:03,confirmada,20478556,CONS0007
79051461,65624795,2024-06-15,08:26:03,pendiente,53037036,CONS0006
85030495,41998956,2025-05-05,12:06:04,cancelada,20757339,CONS0002
68697267,33837146,2024-04-24,18:18:11,atendida,88111019,CONS0011
40313300,79467952,2024-05-11,15:13:21,confirmada,20237501,CONS0003
77026646,62512714,2025-04-28,17:40:10,pendiente,20237501,CONS0016
78530121,16526483,2024-12-20,10:56:23,confirmada,94753979,CONS0006
82864306,13569881,2024-10-15,16:21:57,cancelada,87194526,CONS0002
54058418,13569881,2024-11-01,17:15:24,cancelada,75578973,CONS0005
59313848,98568165,2025-01-20,13:42:55,cancelada,79962945,CONS0005
75075119,20702420,2025-01-25,13:23:10,pendiente,84513261,CONS0012
31518807,97746670,2025-06-23,13:39:44,confirmada,84513261,CONS0020
63958728,64993286,2025-06-21,10:24:23,cancelada,51637156,CONS0004
20362595,60446638,2025-05-05,17:34:56,atendida,76114112,CONS0011
85491562,81716639,2024-10-16,14:15:40,atendida,84755576,CONS0006
91979533,71842988,2024-03-09,18:51:58,cancelada,77492526,CONS0010
98098575,44486916,2025-05-15,09:20:24,cancelada,40103475,CONS0008
25941706,72514106,2024-08-16,16:18:48,confirmada,79962945,CONS0014
29941668,98717352,2025-01-28,14:21:57,atendida,53286209,CONS0001
16863427,14679440,2024-08-18,17:01:12,atendida,27854957,CONS0016
48979553,53044396,2025-02-01,11:19:03,cancelada,87365773,CONS0019
13116818,77253783,2024-11-12,16:54:20,pendiente,91983194,CONS0002
14478578,65434601,2024-05-05,16:29:06,confirmada,77317718,CONS0003
73596803,97619116,2024-07-03,18:32:20,pendiente,46429941,CONS0010
27381196,61450160,2024-08-28,12:04:18,pendiente,27854957,CONS0006
87817275,22626491,2025-05-08,11:42:39,confirmada,51637156,CONS0017
89666652,13569881,2024-05-31,11:38:45,pendiente,47034053,CONS0013
25472044,58507182,2024-04-11,11:04:44,atendida,53286209,CONS0003
27381196,62674744,2025-06-26,13:26:09,atendida,50779331,CONS0015
87592775,57119663,2024-05-29,15:10:32,pendiente,87194526,CONS0014
77746848,72598876,2025-02-10,11:46:19,atendida,51637156,CONS0004
55510196,28281683,2025-05-16,11:55:20,pendiente,44981864,CONS0003
24714246,16902389,2024-05-19,12:13:40,confirmada,84084619,CONS0018
93663894,74375932,2024-05-01,14:48:29,pendiente,44981864,CONS0019
32700606,91711811,2024-08-04,16:43:18,cancelada,89964867,CONS0007
33043469,14679440,2025-06-17,17:44:41,pendiente,81485760,CONS0013
86330959,18559256,2024-04-24,11:25:09,confirmada,43704700,CONS0007
49504530,70905790,2024-09-30,13:54:03,cancelada,87194526,CONS0002
63343800,83866668,2024-10-05,17:51:28,confirmada,35962341,CONS0001
88805214,13569881,2024-08-27,16:30:25,atendida,92438731,CONS0011
98355346,28210404,2024-03-03,14:52:06,pendiente,75877726,CONS0010
77791839,91003659,2024-07-29,18:29:44,cancelada,46687147,CONS0020
16407744,71304816,2025-05-15,10:15:35,cancelada,53286209,CONS0014
10958489,98717352,2024-11-07,18:46:47,pendiente,53286209,CONS0004
36253439,93849292,2024-03-20,12:23:08,cancelada,68637398,CONS0008
75669645,30090020,2024-09-02,18:35:33,cancelada,65537795,CONS0009
38336375,83866668,2025-05-17,14:12:22,cancelada,53286209,CONS0019
40000942,31556148,2025-01-01,14:45:23,atendida,50779331,CONS0006
42927075,29820168,2025-03-09,15:02:45,cancelada,50779331,CONS0010
91583240,39281544,2024-05-20,11:23:52,cancelada,89964867,CONS0008
65134119,81716639,2024-05-16,09:50:48,confirmada,76186765,CONS0017
18287540,16526483,2024-04-05,09:27:18,confirmada,75751916,CONS0001
34795639,41748053,2024-03-02,12:20:30,pendiente,53037036,CONS0001
65522979,51740757,2024-10-31,16:30:48,pendiente,79962945,CONS0005
88464858,41748053,2024-06-12,18:29:39,cancelada,20757339,CONS0012
64778567,46192532,2024-08-10,08:54:34,atendida,77492526,CONS0006
38211574,33837146,2024-02-23,17:34:57,atendida,10430093,CONS0003
65216217,71842988,2025-05-30,08:15:36,cancelada,20757339,CONS0012
96967947,64993286,2024-11-22,11:02:47,cancelada,63269514,CONS0020
92601281,94766491,2024-12-09,15:24:14,pendiente,35962341,CONS0020
50211145,44486916,2024-07-17,17:01:19,cancelada,75751916,CONS0016
13191365,58405079,2024-09-17,16:19:39,pendiente,53037036,CONS0013
17265840,77253783,2025-06-25,14:47:30,confirmada,51124409,CONS0007
44822250,70905790,2024-10-24,08:01:16,atendida,47034053,CONS0014
31673175,62512714,2024-03-17,17:05:25,atendida,75578973,CONS0020
88211144,89553837,2024-12-27,18:12:02,atendida,77492526,CONS0009
67917834,57466245,2024-01-09,18:42:52,confirmada,75751916,CONS0001
50519952,43580723,2024-03-14,11:11:46,cancelada,87365773,CONS0003
71283557,58943445,2025-02-23,10:56:18,cancelada,11872633,CONS0011
85030495,28281683,2024-02-24,17:13:04,cancelada,16850169,CONS0004
32700606,89553837,2024-12-20,18:38:32,confirmada,10723787,CONS0013
57597475,57466245,2024-03-26,13:58:26,confirmada,65537795,CONS0008
31518807,11077031,2025-06-09,16:55:19,cancelada,79962945,CONS0007
93110894,30090020,2025-03-16,10:41:12,cancelada,46429941,CONS0003
21229685,16902389,2025-06-18,18:57:12,atendida,35962341,CONS0003
23746811,97397529,2025-02-27,11:33:01,pendiente,68637398,CONS0015
38358338,62512714,2024-03-07,17:19:34,atendida,84513261,CONS0006
48161281,32327573,2024-08-28,09:57:04,confirmada,41009211,CONS0016
51377824,11077031,2025-02-04,11:03:56,atendida,94753979,CONS0014
64404200,97746670,2024-06-02,11:43:48,confirmada,65537795,CONS0015
14478578,24881216,2025-01-22,11:44:14,pendiente,51124409,CONS0002
62553934,32806759,2024-06-05,14:54:04,pendiente,51124409,CONS0019
83603087,30493510,2024-09-15,17:05:30,pendiente,92438731,CONS0001
73264510,22626491,2024-06-28,13:09:27,confirmada,46687147,CONS0020
19463119,29820168,2025-02-04,09:39:21,confirmada,75578973,CONS0020
21457660,62674744,2025-02-02,11:27:08,confirmada,75751916,CONS0013
94740653,70462805,2025-04-05,09:38:05,confirmada,41009211,CONS0013
36949907,70462805,2024-08-18,13:47:13,pendiente,76114112,CONS0013
73418209,57119663,2024-06-26,17:20:54,atendida,87194526,CONS0001
34618448,30090020,2025-01-15,14:49:27,cancelada,20679407,CONS0008
44458823,91711811,2024-06-26,17:29:13,cancelada,42654286,CONS0016
76446273,91711811,2025-04-15,13:37:08,cancelada,47034053,CONS0015
54840616,85916094,2024-05-10,11:26:53,confirmada,53286209,CONS0020
53014713,97619116,2024-06-12,15:46:30,cancelada,63269514,CONS0017
50060628,87402629,2024-04-27,14:44:26,pendiente,39092690,CONS0008
81291291,77124533,2024-02-04,17:09:45,atendida,53037036,CONS0006
23746811,44486916,2024-02-26,10:41:42,atendida,11872633,CONS0012
60829090,72514106,2024-06-03,08:54:32,confirmada,77492526,CONS0019
65522979,62512714,2024-01-28,09:45:39,confirmada,10723787,CONS0004
23268582,96063528,2024-08-11,08:48:57,cancelada,11872633,CONS0009
67258181,83866668,2024-11-20,12:50:56,cancelada,20679407,CONS0015
25501095,11077031,2025-04-06,16:21:44,cancelada,75751916,CONS0020
95011603,31556148,2025-01-04,15:40:50,pendiente,10723787,CONS0019
64770846,24881216,2025-06-25,14:57:56,atendida,11872633,CONS0009
49717681,85908450,2024-03-26,12:45:57,confirmada,65537795,CONS0009
52661291,96012953,2024-10-24,15:24:35,confirmada,75751916,CONS0015
59665747,53044396,2024-02-29,16:20:06,atendida,77317718,CONS0010
22689020,13596926,2024-11-24,10:50:27,atendida,35962341,CONS0019
93956251,98568165,2024-07-22,16:35:14,atendida,92438731,CONS0017
15611353,70462805,2024-11-15,12:45:32,confirmada,72443329,CONS0003
87551094,62674744,2025-05-28,10:58:17,cancelada,40103475,CONS0006
79029516,24881216,2025-06-02,09:16:16,cancelada,35962341,CONS0011
65913180,61290421,2025-01-25,17:02:01,confirmada,46429941,CONS0015
92994114,44664600,2024-01-07,14:26:37,atendida,27290130,CONS0007
22491171,60446638,2024-07-16,15:37:58,cancelada,72443329,CONS0006
31591635,94766491,2025-04-21,11:53:44,cancelada,81485760,CONS0002
24306856,60446638,2025-02-11,14:33:57,confirmada,46604317,CONS0007
86763544,72514106,2024-12-19,10:50:15,atendida,20679407,CONS0009
91325745,12078768,2025-03-22,10:00:56,cancelada,89964867,CONS0019
91060029,65434601,2025-04-09,18:14:03,pendiente,76114112,CONS0007
20356832,31556148,2024-10-31,13:12:13,confirmada,91983194,CONS0005
53275992,85785060,2025-02-04,17:41:52,cancelada,35962341,CONS0004
21701419,96063528,2024-05-04,10:06:45,cancelada,87365773,CONS0012
52200362,39281544,2024-02-19,10:11:11,confirmada,46687147,CONS0012
60119304,57466245,2024-02-08,16:41:00,cancelada,10723787,CONS0014
59665747,71842988,2024-10-20,14:38:18,confirmada,65537795,CONS0007
74326489,44974348,2024-01-06,16:04:52,confirmada,46687147,CONS0006
87964154,88351256,2025-04-28,16:57:39,confirmada,91983194,CONS0004
22689020,89553837,2024-06-03,17:49:15,cancelada,43704700,CONS0010
99442839,18559256,2025-02-13,18:29:17,pendiente,46687147,CONS0010
80035174,64993286,2025-05-27,17:45:56,confirmada,66198846,CONS0005
73624194,99984205,2024-05-31,08:08:56,pendiente,20679407,CONS0012
77940844,58360740,2024-10-02,10:26:49,confirmada,51637156,CONS0019
87726500,93749586,2025-05-27,12:50:32,cancelada,27854957,CONS0001
80207145,41748053,2024-12-04,15:18:13,pendiente,89964867,CONS0003
75025585,68182509,2025-05-13,15:27:06,atendida,68637398,CONS0017
22048375,96063528,2025-05-09,13:43:54,confirmada,46604317,CONS0012
50690049,70905790,2025-02-03,10:28:37,atendida,50779331,CONS0008
44835315,85908450,2025-05-15,16:56:10,pendiente,88111019,CONS0016
18724067,58405079,2025-06-05,13:29:09,cancelada,66198846,CONS0019
85491562,43593380,2025-06-28,12:44:58,confirmada,10723787,CONS0005
67187636,68595612,2024-03-14,15:50:15,cancelada,72443329,CONS0012
47247494,40793036,2024-12-14,17:21:29,cancelada,53037036,CONS0014
67161766,44974348,2024-03-30,13:05:19,cancelada,11872633,CONS0008
28789866,60446638,2024-10-26,12:04:41,pendiente,84084619,CONS0005
21229685,93849292,2024-08-23,16:01:54,confirmada,89964867,CONS0019
84098706,96063528,2025-06-27,08:39:53,pendiente,20757339,CONS0004
88495451,81716639,2024-10-10,09:59:46,confirmada,47034053,CONS0018
44310901,62674744,2024-02-05,15:48:48,pendiente,20679407,CONS0004
90990881,96012953,2025-02-28,17:33:26,atendida,20478556,CONS0003
89839605,98568165,2025-02-23,14:38:20,atendida,27854957,CONS0009
77963717,28210404,2024-06-01,16:54:33,atendida,81485760,CONS0019
51963838,84372103,2025-04-16,12:43:02,atendida,75578973,CONS0014
88318650,12400580,2025-05-24,13:33:41,confirmada,77492526,CONS0008
44458823,94766491,2024-05-11,15:58:08,cancelada,92438731,CONS0007
48812838,58943445,2024-12-05,11:39:22,confirmada,68637398,CONS0009
17526080,30090020,2024-06-10,14:42:10,cancelada,75877726,CONS0009
52661291,48714709,2025-03-11,18:59:28,cancelada,88111019,CONS0011
73222636,41748053,2024-12-04,11:38:32,cancelada,47034053,CONS0007
31810833,57466245,2024-11-13,17:43:45,pendiente,50779331,CONS0011
50664852,71842988,2024-01-28,15:16:28,confirmada,11872633,CONS0005
70990231,62512714,2025-04-08,08:32:48,confirmada,44981864,CONS0004
83945979,58360740,2025-02-06,15:16:05,pendiente,20679407,CONS0009
48126762,32327573,2024-01-05,12:30:54,confirmada,53037036,CONS0010
80431114,12078768,2025-02-26,16:45:12,cancelada,92438731,CONS0006
98036364,77253783,2025-01-28,15:38:25,cancelada,89964867,CONS0016
81424832,96012953,2024-06-20,09:37:47,confirmada,79962945,CONS0014
24315146,87402629,2024-11-10,14:51:47,pendiente,27290130,CONS0005
44781863,55188567,2024-10-15,15:06:09,pendiente,91983194,CONS0014
43080889,65434601,2025-03-14,13:01:03,pendiente,20237501,CONS0008
36512289,91711811,2024-06-01,18:47:40,atendida,47034053,CONS0011
92225849,71842988,2025-05-21,08:21:57,atendida,84755576,CONS0019
52200362,58360740,2024-07-13,16:39:41,pendiente,47034053,CONS0009
23940756,81716639,2024-02-06,09:20:37,cancelada,87365773,CONS0013
95591263,22626491,2024-09-02,15:09:59,atendida,94753979,CONS0008
20356832,33794198,2024-06-25,17:56:17,confirmada,10430093,CONS0015
94740653,20017891,2024-11-26,18:03:03,atendida,43704700,CONS0004
92130251,74375932,2025-06-11,18:31:19,confirmada,20478556,CONS0008
90198947,35393925,2024-04-12,09:37:33,confirmada,77317718,CONS0011
96819389,98568165,2025-03-20,11:05:49,pendiente,72443329,CONS0020
31720355,79467952,2024-03-07,13:25:31,confirmada,84084619,CONS0010
30034848,74375932,2024-12-18,08:30:24,pendiente,51124409,CONS0011
68217270,72026389,2024-02-05,18:09:21,confirmada,42654286,CONS0016
93732814,98568165,2024-09-05,14:23:20,cancelada,66198846,CONS0009
15521462,97619116,2024-12-26,15:00:35,cancelada,75751916,CONS0017
98036364,93849292,2025-03-12,16:35:30,cancelada,40103475,CONS0012
45998482,60446638,2024-05-23,14:38:55,cancelada,40103475,CONS0016
30323486,70946987,2025-05-16,10:36:43,pendiente,72443329,CONS0009
79100142,18559256,2024-04-25,15:02:42,atendida,39092690,CONS0013
66651036,84372103,2025-04-11,08:20:41,confirmada,81485760,CONS0003
96517807,33492654,2025-05-15,18:17:05,confirmada,16850169,CONS0012
61685695,97746670,2024-12-07,13:57:14,pendiente,16850169,CONS0016
84670241,18159694,2025-06-28,18:05:01,cancelada,10430093,CONS0001
83017198,85785060,2024-02-02,14:05:41,cancelada,65537795,CONS0010
16146453,94766491,2024-08-26,13:10:38,cancelada,84513261,CONS0020
98845676,34427595,2025-03-09,08:57:13,pendiente,94753979,CONS0012
68229075,72514106,2024-03-09,12:07:29,confirmada,20478556,CONS0008
41392956,70905790,2024-07-10,15:24:56,confirmada,20679407,CONS0012
75669645,61290421,2025-06-28,13:58:37,cancelada,77317718,CONS0020
48480483,30493510,2024-08-14,16:25:08,pendiente,68637398,CONS0006
20559395,79467952,2025-02-17,18:35:34,pendiente,76114112,CONS0016
42956997,18159694,2024-07-25,14:56:19,confirmada,20679407,CONS0016
32933217,68182509,2024-10-08,08:41:03,confirmada,20237501,CONS0005
87779531,96012953,2025-05-03,15:47:56,atendida,20478556,CONS0015
44692107,71842988,2024-12-07,18:07:47,cancelada,47034053,CONS0009
91325745,13596926,2025-06-26,10:27:27,confirmada,20679407,CONS0017
56204300,13569881,2025-04-27,14:02:15,pendiente,51124409,CONS0016
84479942,12078768,2025-03-08,16:14:30,cancelada,79962945,CONS0006
19537123,62674744,2024-05-29,11:26:47,confirmada,68637398,CONS0012
62615420,16526483,2024-05-30,18:56:33,confirmada,94753979,CONS0001
11144750,93749586,2024-12-26,17:29:13,atendida,89964867,CONS0002
16146453,20549460,2024-10-31,16:20:21,cancelada,68637398,CONS0015
88550026,69190148,2024-02-24,14:11:28,cancelada,68637398,CONS0017
31924653,65624795,2024-05-29,17:40:02,pendiente,65537795,CONS0001
